id,title,description,completed_at,created_at,updated_at
1,A,desc1,null,2024-12-24T14:48:00.000Z,2024-12-24T14:48:00.000Z
2,B,desc2,2024-12-24T14:48:00.000Z,2024-12-24T14:48:00.000Z,2024-12-24T14:48:00.000Z
3,C,desc3,null,2024-12-24T14:48:00.000Z,2024-12-24T14:48:00.000Z
4,D,desc4,2024-12-24T14:48:00.000Z,2024-12-24T14:48:00.000Z,2024-12-24T14:48:00.000Z
5,E,desc5,null,2024-12-24T14:48:00.000Z,2024-12-24T14:48:00.000Z
6,F,desc6,2024-12-24T14:48:00.000Z,2024-12-24T14:48:00.000Z,2024-12-24T14:48:00.000Z
7,G,desc7,null,2024-12-24T14:48:00.000Z,2024-12-24T14:48:00.000Z
8,H,desc8,2024-12-24T14:48:00.000Z,2024-12-24T14:48:00.000Z,2024-12-24T14:48:00.000Z
9,I,desc9,null,2024-12-24T14:48:00.000Z,2024-12-24T14:48:00.000Z
10,J,desc10,2024-12-24T14:48:00.000Z,2024-12-24T14:48:00.000Z,2024-12-24T14:48:00.000Z
11,K,desc11,null,2024-12-24T14:48:00.000Z,2024-12-24T14:48:00.000Z
12,L,desc12,2024-12-24T14:48:00.000Z,2024-12-24T14:48:00.000Z,2024-12-24T14:48:00.000Z
13,M,desc13,null,2024-12-24T14:48:00.000Z,2024-12-24T14:48:00.000Z
14,N,desc14,2024-12-24T14:48:00.000Z,2024-12-24T14:48:00.000Z,2024-12-24T14:48:00.000Z
15,O,desc15,null,2024-12-24T14:48:00.000Z,2024-12-24T14:48:00.000Z
16,P,desc16,2024-12-24T14:48:00.000Z,2024-12-24T14:48:00.000Z,2024-12-24T14:48:00.000Z
17,Q,desc17,null,2024-12-24T14:48:00.000Z,2024-12-24T14:48:00.000Z
18,R,desc18,2024-12-24T14:48:00.000Z,2024-12-24T14:48:00.000Z,2024-12-24T14:48:00.000Z
19,S,desc19,null,2024-12-24T14:48:00.000Z,2024-12-24T14:48:00.000Z
20,T,desc20,2024-12-24T14:48:00.000Z,2024-12-24T14:48:00.000Z,2024-12-24T14:48:00.000Z
